No.,Tweets,Tendensi
1,dibimbing khusus menjadi pejuang keluarga  namtari keluar dari krisis ekonomi dunia  siapa yang siap ikut  kendi iki ae cak mitra iws milineal,0
2,misal nih isu resesi ekonomi  sebenernya ini bukan isu baru bagi indonesia karena indonesia sudah pernah terkena badai krisis ekonomi di masalalu contohnya krisis moneter tahun  dari masalalu kita tahu ini apa yang perlu kita lakukan sabi nih next time aku bahasğŸ˜‰,0
3,pengamat wacana penundaan pemilu bisa muncul jika krisis ekonomi,0
4,tahun krisis ekonomi muncul sebagai solusi misal tahun terjadi resesi solusinya di sekarang juga mon  tzc,0
5,sri mulyani bandingkan resesi dengan krisis ekonomi dan,0
6,artinya bisa juga tak diumumkan mengingat tahun terjadi krisis ekonomi dan dampaknya blm usai juga,0
7,mereka memberitahu bhw pemilu akan ditunda indikatornya   dimanamana presiden katakan utk calon presiden  ojo kesusu  kompak menyatakan bhw ekonomi  krisis dan gelap  tinggal menunggu usulan seluruh pjbt gubernur dan bupatiwalikota utk menunda pemilu,0
8,bukan resesi global  faisal basri ungkap penyebab ri bisa alami krisis ekonomi ğŸ‘‡ğŸ‘‡ğŸ‘‡,0
9,antisipasi potensi kerawanan jika terjadi krisis ekonomi  ini langkah yang dilakukan polri,0
10,antisipasi potensi kerawanan jika terjadi krisis ekonomi  ini langkah yang dilakukan polri,0
11,ngarang bebas lu drun jkw dan sm hanya blng thn diperkirakan krisis global based on fata imf amp wb semua akan terkena imbasnya tp ri akan kuat menahannya krn pondasi ekonomi ug baik,0
12,persiapan hadapi krisis ekonomi  puteri komarudin desak pemerintah susun apbn yang fleksibel dan responsif,0
13,dunia internasional membutuhkan jokowi kabinetkabinet serta buzzer mengatasi badai krisis resesi ekonomi dapat diatasi dg penjelasan pengamat ekonom bayaran angka kemiskinan dapat diturunka hapus angka statistik polusi macet dapat dia atasi dengan pindah planet,0
14,kesimpulannya untuk mendepani krisis ekonomi yang diramal bakal berlaku pada tahun  malaysia memerlukan sebuah kerajaan yang stabil dan tidak goyah dengan sebarang ancaman sejarah telah membuktikan dengan adanya kerajaan yang stabil kemakmuran negara dapat dikecapi,0
15,jk peringatkan sri mulyani tak menakuti rakyat soal krisis  said didu sepertinya ada agenda tersembunyi,0
16,malaysia perlu kerajaan stabil untuk hadapi krisis ekonomi â€“ shabery cheek,0
17,menjelang  agak deg an juga dengar ramalan ekonom ttg krisis ekonomi di tahun depan kami ada investasi di bbrp negara dan so far hanya yg di indo masih aman tiap malam kami zoom meeting dgn partner yg di korea dan finland,0
18,hadapi krisis ekonomi katanya jgn simpan uang di bank pegang cashsebagian ubah ke dollar dan logam mulia,0
19,fakta dah betul tapi salah percaturan rakyat faham krisis ekonomi global this is not right and misleading mcm begini punya pemikiran pun ada dah nak dah ni oi ğŸ¤§,0
20,di harkopnas tingkat kota medan bobby nasution ajak koperasi berperan antisipasi kemungkinan krisis ekonomi via,0
21,menurut heru salah satu tantangan yang akan dihadapi indonesia adalah krisis ekonomi yang disebut akan terjadi pada,0
22,menurut heru salah satu tantangan yang akan dihadapi indonesia adalah krisis ekonomi yang disebut akan terjadi pada,0
23,di harkopnas tingkat kota medan bobby nasution ajak koperasi berperan antisipasi kemungkinan krisis ekonomi,0
24,sektor umkm di prediksi sejumlah ekonom menjadi salah satu sektor usaha yang tidak akan terpengaruh dengan adanya krisis ekonomi global namun yang menjadi salah satu kelemahan para pelaku umkm adalah masalah pendanaan operasional selama ini umkm selalu mengajukan kredit,0
25,bobby nasution ajak koperasi berperan antisipasi kemungkinan krisis ekonomi,0
26,di harkopnas tingkat kota medan bobby nasution ajak koperasi berperan antisipasi kemungkinan krisis ekonomi,0
27,salah satu bank terbesar di indonesia bank mandiri di kabarkan mempertimbangkan untuk menaikkan bunga kredit mandiri kepada nasabahnya akibat dampak dari kenaikan suku bunga acuan bi yang sering naik akibat dampak dari kekhawatiran akan terjadinya krisis ekonomi global,0
28,dengan g semoga tercipta ketahanan keuangan global dan krisis ekonomi global th dapat dihindari,0
29,hancurhancuran kita  pandemi yg gakunjung usai baubaunya kayak flu spanyol ato kolera jaman hindia belanda yg ampe sedasawarsaan gak beresberes ditambah resesi ekonomi dan krisis rusiaukraina kuatkan mental dan kencangkan tali pinggang kengkawan,0
30,maaf paksaya optimis ini ndonesia tdk akan mengalami krisis global perkembangan ekonomi indonesia skg udh baik   jd tdk ada yg ditakutkan di  kita jgn terjebak politik yg tdk mendidik,0
31,ini siapa bilang indonesia krisis ekonomi tahun di jajah belanda tetep bisa makan enak sambel nusantara,0
32,negara bisa bubar jika rejim kardus masih berkuasa ekonomi nyungsep duit rakyat jadi bancakan tebar propaganda adu domba rakyat dll ketika negara lain sibuk menghadapi ancaman krisis  penguasa justru bermain bisnis terorisme dan radikalisme,0
33,bagaimana berlakunya krisis ekonomi terburuk di dunia tahun via siap semuaâ€¦ mungkinkah pm baharu selepas akan berjaya kurangkan impak kemelesetan besar tahun depan,0
34,ekonomi diprediksi gelap  sandinomics optimistis indonesia mampu hadapi krisis global,0
35,inilah sebab mengapa kita perlu memilih pemimpin yang berhujah berdasarkan analisis amp fakta dan bukan formula populis sematamata bagi menghadapi krisis ekonomi menjelang,0
36,krisis ekonomi ada di depan mata world economic forum wef dalam laporan terbarunya memproyeksikan pertumbuhan ekonomi global melambat menjadi   pada  lalu sepertiga dari ekonomi negaranegara dunia diproyeksi tidak tumbuh tahun depan,0
37,penjelasan ekonomi oleh ds yang mudah difahami punca kelemahan forex punca kejatuhan pasaran saham amp inflasi harap beliau antara yang akan merencana strategi bagi negara menghadapi krisis ekonomi dunia yang dijangka pada tahun,0
38,krisis ekonomi dan filantropi islam meneropong peran filantropi islam bagian,0
39,bincang ekonomi beza betul hujahan tok johari tok jo dengan rafizi bogoreng raf bo tahun krisis ekonomi dunia melanda pilihlah yang bijak sikit untuk selamatkan negara,0
40,presiden joko widodo menyatakan bahwa dunia dihadapkan dengan adanya ancaman resesi pada tahun akibat krisis ekonomi global pangan hingga energi akibat pandemi covid dan perang antara rusia dan ukraina,0
41,ekonomi dunia diprediksi gelap  sandinomics optimistis ri mampu hadapi krisis ekonomi global,0
42,ekonomi diprediksi gelap  sandinomics optimistis indonesia mampu hadapi krisis global,0
43,ekonomi diprediksi gelap  sandinomics optimistis indonesia mampu hadapi krisis global,0
44,ekonomi dunia diprediksi gelap  sandinomics optimistis ri mampu hadapi krisis ekonomi global,0
45,ekonomi diprediksi gelap  sandinomics optimistis indonesia mampu hadapi krisis global,0
46,ekonomi dunia diprediksi gelap  sandinomics optimistis ri mampu hadapi krisis ekonomi global,0
47,ekonomi diprediksi gelap  sandinomics optimistis indonesia mampu hadapi krisis global,0
48,ekonomi diprediksi gelap  sandinomics optimistis indonesia mampu hadapi krisis global,0
49,alasan terjadinya terjadi yaitu karena pengaruh kondisi ekonomi global peningkatan suku bunga bank krisis pangan amp energi dan ketidakpastian pasar amp utang menteri bumn erick thohir menyebutkan jurus pertumbuhan ekonomi untuk menghadapi resesi,0
50,gubernur jawa tengah jateng ganjar pranowo telah menyiapkan strategi untuk menghadapi potensi krisis pangan pada akibat resesi ekonomi antara lain melalui optimalisasi produksi padi jagung dan kedelai pajale serta politik pupuk,0
51,tajuk apa yang nak diperdebatkan kalau berkaitan dengan isu ekonomi tahun depan bagus juga boleh kita tahu apa agenda masingmasing untuk berdepan krisis ekonomi global recession in,0
52,gubernur jawa tengah jateng ganjar pranowo telah menyiapkan strategi untuk menghadapi potensi krisis pangan pada akibat resesi ekonomi antara lain melalui optimalisasi produksi padi jagung dan kedelai pajale serta politik pupuk,0
53,persediaan krisis ekonomi via,0
54,gubernur jawa tengah jateng telah menyiapkan strategi untuk menghadapi potensi krisis pangan pada akibat resesi ekonomi antara lain melalui optimalisasi produksi padi jagung dan kedelai pajale serta politik pupuk,0
55,gubernur jawa tengah jateng ganjar pranowo telah menyiapkan strategi untuk menghadapi potensi krisis pangan pada akibat resesi ekonomi,0
56,ganjar pranowo telah menyiapkan strategi untuk menghadapi potensi krisis pangan pada akibat resesi ekonomi antara lain melalui optimalisasi produksi padi jagung dan kedelai pajale serta politik pupuk,0
57,imf ramal uk dan jerman berdepan krisis ekonomi terburuk tahun  malaysia,0
58,pemangkasan jm kerja karyawan tidak lepas dari krisis ekonomi yg dihadapi dunia saat ini seperti laporan imf bahwa dunia makin suram di thn  ini karena eknomi kapitalis yg digunakan sebagai togak dunia hri ini sprti apakah itu simak,0
59,imbas tpt anjlokpemangkasan jam kerja pd  org dan sdh dirmhkanpd pabrik dan produk tekstil mnrt imf ekonomi pd lebih suramkapitalisme krisis berulang sistem islam kaffah stabil krn berdasar syariat allah swt serba serbi mmc,0
60,ananta wahana optimis indonesia mampu hadapi krisis global,0
61,sahabat ganjar â€“ gubernur jawa tengah ganjar pranowo sudah menyiapkan langkahlangkah untuk megantisipasi potensi krisis pangan pada akibat dari resesi ekonomi salah satu langkahnya adalah optimalisasi produksi padi jagung dan kedelai pajale serta politik pupuk,0
62,bukan resesi global  faisal basri ungkap penyebab ri bisa alami krisis ekonomi lewat,0
63,the great reset    bencana alam diseluruh dunia  ekonomi jatuh keparas terendah  banyak manusia dibuang kerja  wabak baru  kembar c  kembali semula  krisis makanan terburuk dalam sejarah  jenayah meningkat  manusia hidup dalam ketakutan amp kelaparan,0
64,bagaimana berlakunya krisis ekonomi terburuk di dunia tahun via,0
65,langkah jitu ganjar pranowo antisipasi krisis pangan di dengan subsidi pupuk dan optimalisasi riset adalah langkah cerdas seorang pemimpin,0
66,bukan resesi global  faisal basri ungkap penyebab ri bisa alami krisis ekonomi,0
67,sudah menyiapkan langkahlangkah untuk megantisipasi potensi krisis pangan pada akibat dari resesi ekonomi salah satu langkahnya adalah optimalisasi produksi padi jagung dan kedelai pajale serta politik pupuk,0
68,presiden sendiri yang ngomong bahwa pertemuan di batu tulis membicarakan tentang stabilitas politik dan ancaman krisis panganenergi dan ekonomi di,0
69,hayo uda pasa tau belum nih kalo bakal krisis perlu ga sih kita panik gmn menurut kalian guys,0
70,lebih utama kemerdekaan dan membesarkan partai dari pada disandra oleh jabatan yang hanya tahun apa ndak mikir konsekwensi bertambah barisan oposisi terhadap pemerintah yang diambang pintu krisis besar ekonomi,0
71,tahun disebutsebut akan terjadi resesi ekonomi hingga krisis pangan begini strategi ganjar pranowo pemprov jawa tengah untuk menghadapi risiko tersebut,0
72,faisal basri mengatakan indonesia tidak akan mengalami krisis akibat ancaman resesi global  menurut dia krisis itu biasanya terjadi karena perpaduan antara apa yang terjadi di eksternal dan domestik,0
73,bukan resesi global  faisal basri ungkap penyebab ri bisa alami krisis ekonomi,0
74,w yg takut bgt soal resesi bsk tp hobi bgt nontonin video perkiraan resesiÂ² begini sm video krisis ekonomi di ngrÂ² laen tp ttp g hemat ğŸ˜­ karna klo hemat nanti duitnya klo g keputer gmn trs nanti malah krisis bnrn gmn ğŸ˜­ğŸ˜­ğŸ˜­ğŸ˜­,0
75,cukup la tpm je buat apa sampai tiga kita ada masalah yang lebih besar nak fikir kemelesetan ekonomi dunia  krisis makanan dunia amp perang sana sini in fact kabinet kena kecik drpd usul pasal tpm bagi royalti dulu kpd negeri borneo,0
76,bukan resesi global  faisal basri ungkap penyebab ri bisa alami krisis ekonomi â™¦ï¸,0
77,ekonomi global lebih dahsyat dibandingkan covid  kengerian di indonesia jelang pilpres   suara pemred,0
78,bukan resesi global  faisal basri ungkap penyebab ri bisa alami krisis ekonomi,0
79,krisis ekonomi tahun semakin dekatyang disibukin para menteri berbulan bulan radikalradikul politik identitas,0
80,semoga bermanfaat ğŸ’ªğŸ» di saat kini dunia dikhabarkan dgn krisis ekonomi  apa yang kita boleh buat adalah simpan dahulu baru berbelanja jika takut simpanan asyik bocor  bekukan dlm bentuk simpanan emas kerana simpanan emas nilainya lebih terjamin untuk jangka masa panjang,0
81,aku kira presiden mikirin rakyat yang lagi ditakuttakuti krisis ekonomi  ini kok malah nyambi jualan kapling tanah,0
82,hati hati pilih presiden ingat di isue kan krisis ekonomi kata kabar burung presiden harus sskti mandra guna di segala bidang,0
83,â€”â€” presiden joko widodo menyatakan bahwa dunia dihadapkan dengan adanya ancaman resesi pada tahun akibat krisis ekonomi global pangan hingga energi akibat pandemi covid dan perang antara rusia dan ukraina kementerianlembaga termasuk,0
84,tahun depan diperkirakan terjadi resesi dunia yang melebihi krisis moneter  bahkan presiden sudah berkalikali sounding soal ini gelap bukan menakutnakuti tapi kita semua harus siap beberapa politisi fokus membantu pemulihan ekonomi beberapa lagi mikir pemilu,0
85,yang harus kita khawatirkan selain krisis ekonomi yg belum tentu terjadi di tahun  kita juga harus khawatirkan krisis diri sendiri yg sudah jelas terjadi dan mengalami krisis parah entah itu mental yg lemah dll kita harus berani untuk lebih kuat agar bisa mengatasinya,0
86,ini dia partai koalisi bicara nya pemilu dan pilpres nga penting urus negara yg dalam ngeri ngeri sedap krisis ekonomi partai hanya mikir kepentingan nya sendiri,0
87,cara mengatasi krisis ekonomi di tahun  jawab jd pengusaha batu bara,0
88,baca denger ttg ekonomi krisis ditahun membuat check out an sopi kembali diurungkan,0
89,ni ekonomi katanya bakal krisis ya gimana coba nasib gue sama utang utang yang baru selesai bulan juni depan,0
90,jabatan tinggal tahun menawarkan investasi dengan nilai yg sangat tinggi siapa yg mau investasi dunia tahu klo dia sering bohong kepercayaan itu pentingapalagi kondisi politik semakin memanas menjelang pilpres  krisis ekonomi siapa yg berani investasi,0
91,kenapa sampai jadi sales seperti sales properti begitu kenapa gak pakai uang yang katanya sdh di kantongnya rb t lha uang itu kemana masa mau buat ibukota yg didalamnya ada istana ngemis begituâ€¦ bukannya dunia akan alami krisis ekonomi trus siapa yang mau ivestasi,0
92,tiati semenjak isu krisis ekonomi global semua bungan pinjamanpaylater naik dulu shopee bayar nanti tuh misal harga barang k ga sampe k skrng gede bgt bunganya,0
93,reposted from presiden joko widodo menyatakan bahwa dunia dihadapkan dengan adanya ancaman resesi pada tahun akibat krisis ekonomi global pangan hingga energi akibat pandemi covid dan perang selengkapnya baca di,0
94,presiden joko widodo menyatakan bahwa dunia dihadapkan dengan adanya ancaman resesi pada tahun akibat krisis ekonomi global pangan hingga energi akibat pandemi covid dan perang antara rusia dan ukraina,0
95,dollar rp  poundsterling rp  benarkah akan terjadi krisis ekonomi brdampak pd inflasi tentuny ni akan berat dirasakan rakyat kecil yg brpenghasilan pas an bisa jd pula akan bny perusahaan besar dah gak kuat upah buruhny hingga brdampak pd phk massal,0
96,presiden joko widodo menyatakan bahwa dunia dihadapkan dengan adanya ancaman resesi pada tahun akibat krisis ekonomi global pangan hingga energi akibat pandemi covid dan perang antara rusia dan ukraina kementerian,0
97,presiden joko widodo menyatakan bahwa dunia dihadapkan dengan adanya ancaman resesi pada tahun akibat krisis ekonomi global pangan hingga energi akibat pandemi covid dan perang antara rusia dan ukraina,0
98,katanya ekonomi tahun gelap katanya sekarang lagi krisis pangan dan energi serta krisis ekonomi global jgn sampai dlm situasi sulit ada letupan sosial karena kecemburuan sosial ekonomi hatihati jangan gagahgagahan karena punya mobil atau moge bagus hatihati,0
99,jom tanya wahed kini kembali ğŸ¥³dengarkan perkongsian fb live daripada moderator amp pengurus dana terbaru kami mengenai krisis ekonomi dunia  apakah persediaan kita okt  pm rsvp sekarang di terma amp syarat,0
100,krisis ekonomi global jd kesimpulannya kena laa undi pihak yg ada skuad jihad melawan inflasi which hv been proven successful right,0
101,krisis ekonomi  krisis ekonomi  krisis ekonomi  ukm be lyke halik ku aing,0
102,ngeri juga baca analisis resesi  krisis ekonomi di eropa dan amerika tentu sedikit banyak punya imbas ke negara kita,0
103,krisis ekonomi rem atau investasi,0
104,menghampiri krisis ekonomi global dengan bn sebagai kerajaan sorry no dengan belanjawan yang peruntukan pembangunan terlampau kurangnya manfaat untuk golongan pertengahan tak payah la,0
105,pak jokowi pernah bilang tahun depan akan gelap kalau gelap kenapa proyek ikn terus dikebut sedangkan krisis ekonomi sangat susah apa tidak sebaiknya dana ikn dialihkan terlebih dahulu ke sektor perekonomian masyarakat agar sejahtera terlebih dahulu,0
106,we have nothing to lose kalau tak best tukaq lagi hampa ingat nak pilih ketua kelas ka cukup la satu penggal negara cacamarba pilih elokelok sapa pun jadi kerajaan buat kerja betuibetui krisis ekonomi global kita kesan covid pun belum habis recover lagi,0
107,salam merah putih teman  mau mengingatkan bahwa tahun depan  akan terjadi krisis ekonomi global jauhjauh hari saya mengingatkan kita semua agar kita bisa menangkal para kadrun yg kemungkinan besar akan menyalahkan pak jokowi pak heru dan mungkin bbrp yg lain,0
108,presiden joko widodo menyatakan bahwa dunia dihadapkan dengan adanya ancaman resesi pada tahun akibat krisis ekonomi global pangan hingga energi akibat pandemi covid dan perang antara rusia dan ukraina,0
109,tak cuma resesi ekonomi di  krisis pangan juga ancam dunia,0
110,dunia dan indonesia akan menghadapi krisis pangan krisis energi dan krisis ekonomi maka dan seluruh kadernya fokus bantu pemerintahan jokowi menghadapi krisis tsb,0
111,di tengah desas desus krisis ekonomi yang diprediksi akan terjadi pada tahun  sebenarnya gimana sih kabar ekonomi indonesia tahun depan yuk simak semua penjelasannya di sini,0
112,gk usah bar latihan krisis ekonomi,0
113,lebih parah bcz bakalan ada krisis ekonomi dunia efek dari pandemi kemarin kalo diliat dr perekonomian indo yg sekarang kemungkinan besar indo bakal kena resesi,0
114,kenapa yakin bakalan krisis di indo bro btw bukannya dia udah revisi forecast nya kalau indo ga bakalan krisis karena fondasi ekonomi indonesia yang kebetulan saat ini berpihak sama kita,0
115,hadapi krisis ekonomi global  dewan sukabumi minta pemkab siapkan anggaran penopang ekonomi,0
116,persediaan krisis ekonomi tahun   pelbagaikan sumber pendapatan  kurangkan perbelanjaan  simpanan wang tunai  bulan gaji  capai minima gram emas k  elak buat hutang baru  berdoa jangan mengalah,0
117,nouriel roubini profesor ekonomi new york university ekonom top dunia sebut krisis akan lebih ngeri dari artikel di majalah time were heading for a stagflationary crisis unlike anything weve ever seen terbit kamis,0
118,katanya bakal adaa krisis ekonomi jadi kita harus dari sekarang yuhuuu gatau lagi rame banget ngomongin dari tadi ada apa si,0
119,gimana ga kerja keras bagai quda kan katanya krisis ekonomi global ojol aja ngantar pesanan dari rooftop semuanya sekarang pada,0
120,kukira mau ngomong tahun itu tahun puncaknya ekonomi krisis,0
121,diprediksi ekonomi bakal krisis lah bahiku krisis ekonomi ki wes ket mbiyen je,0
122,sekarang lagi rame ramalan soal krisis ekonomi  sehingga masyarakat menjadi takut dan mulai panik sana sini buat survive padahal menabung punya asuransi siapin dana darurat dsb ga perlu nunggu ada ramalan krisis ekonomi dulu toh juga ga ada yg tau bakal kek gimana,0
123,bahaya ancaman krisis ekonomi dunia  bagaimana langkah pemerintah provinsi jambi,0
124,tahun krisis ekonomi  ekonomi global telah beralih daripada persekitaran inflasi dan kadar faedah rendah kepada dunia yang â€˜lebih terdedah dan rapuhâ€™  imf,0
125,tahun krisis ekonomi  ekonomi global telah beralih daripada persekitaran inflasi dan kadar faedah rendah kepada dunia yang â€˜lebih terdedah dan rapuhâ€™  imf baca lanjut di,0
126,menurut lu gimana sih pengaruh krisis ekonomi nanti sama buying power masyarakat proses pilpres  sama sustainable development goals,0
127,tolong yaa yg bahas resesi apalagi hancurlahjust shut the fckup bangsa ini udh dr jaman kerajaan jaman pak karno gunting duit sampe krisis ekonomiudh pengalaman kek gk pernah ke malang ajawoles sam kehkehkeh,0
128,gua cuma mau bilang banyak hal yg mempengaruhi ekonomi dan salah satunya adalah market confidency konten yg bilang gelap yes betul edukatif tapi pada mainin rasa takut dan kepercayaan masyarakat kasian yg awam sama ekonomi ga ngerti apa cuma tau bakal krisis ajah,0
129,ohhhh gituuuu entar pas krisis ekonomi  trs ngerasa paling berjasa dah ya gegara idolnya udah wamil wkwkwkwk liat aja dah nanti ada ga ya oknum fandom goblok lu yg bakal ngetik itu nanti wkwkwkwkwkwkwkwkwkwkwkkw,0
130,skk migas antispasi ancaman krisis ekonomi,0
131,presiden joko widodo menyatakan bahwa dunia dihadapkan dengan adanya ancaman resesi pada tahun akibat krisis ekonomi global pangan hingga energi akibat pandemi covid dan  cont,0
132,not only in sk wah pas banget dr kmren pemerintahan indo juga ngomongin krisis ekonomi pas gtu bangtan mulai off aaaa,0
133,udahlah nikmati dulu yg ada sekarang katanya mau krisis ekonomi,0
134,gaboleh resign cenah krisis ekonomi mau pindah kerja kemana lgi,0
135,kabar soal resesi dikata hanya omongan influencer yg gatau fakta sy baru ngeh resesi itu sesuatu yg sangat wajar bagi ekonomi kapitalisme krisisnya punya siklus liat aja great depression an krisis moneter  dll,0
136,imf  negara hadapi krisis ekonomi  okt,0
137,menko perekonomian airlangga optimis ekonomi nasional tumbuh lima persen  meskipun resesi ekonomi menghantui pada tahun mendatang sebagaimana prediksi sejumlah ekonom bahwa ekonomi nasional akan babak belur imbas krisis melanda dunia namun rasaâ€¦,0
138,indonesia siap hadapi krisis ekonomi ri cemerlang,0
139,dengan kerja keras dan konsistensi indonesia akan melewati krisis ekonomi ri cemerlang,0
140,imf memastikan proyeksi pertumbuhan ekonomi pada adalah profil pertumbuhan terlemah sejak  kecuali masa pandemi covid dan krisis keuangan global ekonomi ri cemerlang,0
141,banyak prediksi mengenai krisis global yg akan melanda negara didunia semoga indonesia tdk termasuk dlm negara yg mengalami krisis be optimistic what are our gov do ekonomi ri cemerlang,0
142,imf melihat situasi merupakan profil pertumbuhan terlemah sejak  kecuali masa pandemi covid dan krisis keuangan global ekonomi ri cemerlang,0
143,ridwan kamil pun berharap jawa barat dan indonesia mampu menghadapi dan menghindari krisis pangan â€œtidak ada kedaulatan negara tanpa kedaulatan pangan mudah mudahan jangan sampai krisis ekonomi dan panganâ€ ridwan kamil,0
144,from presiden joko widodo menyatakan bahwa dunia dihadapkan dengan adanya ancaman resesi pada tahun akibat krisis ekonomi global pangan hingga energi akibat pandemi covid  selengkapnya di,0
145,presiden joko widodo menyatakan bahwa dunia dihadapkan dengan adanya ancaman resesi pada tahun akibat krisis ekonomi global pangan hingga energi akibat pandemi covid dan,0
146,presiden joko widodo menyatakan bahwa dunia dihadapkan dengan adanya ancaman resesi pada tahun akibat krisis ekonomi global pangan hingga energi akibat pandemi covid dan perang antara rusia dan ukraina berita selengkapnya kunjungi,0
147,ridwan kamil pun berharap jawa barat dan indonesia mampu menghadapi dan menghindari krisis pangan â€œtidak ada kedaulatan negara tanpa kedaulatan pangan mudah mudahan jangan sampai krisis ekonomi dan panganâ€ ridwan kamil,0
148,presiden joko widodo menyatakan bahwa dunia dihadapkan dengan adanya ancaman resesi pada tahun akibat krisis ekonomi global pangan hingga energi akibat pandemi covid dan perang antara rusia dan ukraina,0
149,kalo soal resesi sih gk terlalu khawatir soalnya itu hanya efek dari krisis ekonomi kalopun inflasi juga masih ada plusnya dalam pertumbuhan ekonomi namun yang di khawatirkan di nanti tuh stagflasi udah inflasi gitu tapi ekonominya malah mines semoga aj tidak dah wkwk,0
150,menurut imf ada masalah utama yang menjadi penghambat ekonomi   inflasi yang naik terusmenerus dan meluas menyebabkan krisis biaya hidup  invasi rusia ke ukraina dan kaitannya dengan krisis energi  perlambatan ekonomi di china,0
151,tahun  proyeksi ekonomi dunia akan mengalami resesi amp krisis yang mengancam salah satunya krisis pangan pada masa krisis sektor agriculture menjadi sangat esensial untuk menunjang ketahanan pangan pada kondisi seperti ini mazhab fisiokrat kembali menjadi relevan,0
152,krisis ekonomi ternyata adalah hoax ya karena belum terjadi,0
153,astaghfirullah krisis global ekonomi dunia diprediksi gelap pada  mampukah kapitalisme mengatasinya  serbaserbi mmc dan bagaimana menyelesaikan problem ini simak videonya yuk share seluasnya ya,0
154,astaghfirullah krisis global ekonomi dunia diprediksi gelap pada  mampukah kapitalisme mengatasinya  serbaserbi mmc dan bagaimana menyelesaikan problem ini simak videonya yuk share seluasnya ya,0
155,astaghfirullah krisis global ekonomi dunia diprediksi gelap pada  mampukah kapitalisme mengatasinya  serbaserbi mmc dan bagaimana menyelesaikan problem ini simak videonya yuk share seluasnya ya,0
156,astaghfirullah krisis global ekonomi dunia diprediksi gelap pada  mampukah kapitalisme mengatasinya  serbaserbi mmc dan bagaimana menyelesaikan problem ini simak videonya yuk share seluasnya ya,0
157,gakebayang euy pillres kaya gimna situasinya ekonomi isu resesi politikus prepare buat kampanye dimasa sulit dan krisis masyarakat kebagi berkubu kubu fitnah dan hoax makin banyak menuju semoga allah mudahkan dan bukakan untuk yg adil,0
158,imf  negara hadapi krisis ekonomi  okt via,0
159,prediksi imf ekonomi gelap pd wajarfaktanya krisis berulang terjadi dan sistem kapitalisme tak mampu mjd solusi sistem ekonomi islam kaffah adalah solusi serba serbi mmc,0
160,kondisi ekonomi yg diprediksi gelap pd mulai tampak sejak pandemi covid infasi rusiakrisis iklim fakta di sistem ekonomi kapitalisme kondisi sgt berbeda ketika ekonomi islam kaffah diterapkan serba serbi mmc,0
161,mampukah sistem ekonomi kapitalisme mengatasi prediksi sistem ekonomi dunia yg akan krisis di mendatangkan serbaserbi mmc,0
162,imf  negara hadapi krisis ekonomi  okt via,0
163,resesi krisis bahkan depresi ekonomi amp awan gelap di tahun  ep,0
164,terus ada bau resesi tahun depan ga seburuk yg digembor kan deh recession paradox dimana fear terlalu besar saat ini jangan q  sudah bottoming kemudian kembali normal bahkan pertumbuhan ekonomi meningkat pesat di  kecuali ww beneran terjadi fix krisis,0
165,dunia sedang dilanda krisis imf memproyeksi ekonomi global akan gelap pada tahun  mampukah sistem ekonomi kapitalisme mengatasinya dan bagaimana islam menyelesaikan problem ini simak dalam video serbaserbi mmc berikut,0
166,presiden joko widodo menyatakan bahwa dunia dihadapkan dengan adanya ancaman resesi pada tahun akibat krisis ekonomi global pangan hingga energi akibat pandemi covid dan perang antara rusia dan ukraina,0
167,presiden joko widodo menyatakan bahwa dunia dihadapkan dengan adanya ancaman resesi pada tahun akibat krisis ekonomi global pangan hingga energi akibat pandemi covid dan perang antara rusia dan ukraina,0
168,kondisi ekonomi dunia diprediksi akan mengalami resesi parah di akibat krisis ditambah keguncangan krn perang rusia ukraina ekonomi kapitalisme jelas merusak kehidupan umat di dunia serba serbi mmc,0
169,mau tidak mau kita akan menghadapi krisis dunia tahun mendatang inilah dampak penerapan ekonomi kapitalismesedihtapi inilah yg akan terjadi serbaserbi mmc,0
170,akibat penerapan ekonomi kapitalisme sering terjadi krisi moneter berulangbahkan diprediksi akan terjadi krisis dunia tahun mendatang serbaserbi mmc,0
171,reposted from presiden joko widodo menyatakan bahwa dunia dihadapkan dengan adanya ancaman resesi pada tahun akibat krisis ekonomi global pangan hingga energi akibat pandemi covid dan perang antara rusia dan ukraina kementeâ€¦,0
172,sudah siapkah menghadapi krisis dunia tahun mendatang ga sampek tahun lhoini akibat penerapan ekonomi kapitalismemo sampek kapan serbaserbi mmc,0
173,ekonomi dunia diprediksi gelap pada  akibat penerapan sistem ekonomi kapitalis  serbaserbi mmc hanya sistem islam kaffah yg mampu mengatasi krisis ekonomi ini simak dalam video berikut ini,0
174,ekonomi dunia diprediksi gelap pada  mampukah kapitalisme mengatasinya sebuah utas,0
175,dunia sedang tidak baikbaik saja imf prediksi ekonomi global gelap ini sudah kesekian kali ekonomi kapitalisme menyebabkan krisis yang berulang islam kaffah dalam khilafah saja yang mampu menjamin stabilitas dunia serba serbi mmc,0
176,ekonomi global akan gelap  ekonomi kapitalisme inilah biang kerusakan dunia hari ini dalam sistem kapitalisme global rentan krisis yang berulang hanya islam kaffah dalam khilafah yang mampu menjamin stabilitas ekonomi dunia serba serbi mmc,0
177,ekonomi kapitalisme rentan krisis sektor non riil yang lebih tinggi dari sektor riil inilah pemicu economy bubble yang sewaktuwaktu bisa meletus karena gejolak politik sosial dst wajar jika diprediksi ekonomi global akan gelap serba serbi mmc,0
178,ekonomi global akan gelap  penerapan ekonomi kapitalisme rentan terjadi krisis atau resesi hanya islam kaffah dalam khilafah yang mampu menjaga stabilitas ekonomi dunia sektor riil yang bergerak tanpa sektor no riil serba serbi mmc,0
179,ekonomi global akan gelap pd krn merugi t ud pd akibat resesi penyebabx setelah covid amp dihadapkan dg ancaman krisis imbas invasi rusia ke ukraina amp perubahan ikliminilh akibt dri sistem ekonomi kapitalisme serbaserbi mmc,0
180,gua sempet bilang seandainya seventeen kesininya akhir tahun atau awal tahun mah gua nonton dah duarrrr additional concert ğŸ˜­ duitnya sih ada ini cuma jd bimbang mo konseranbeli motorsimpen aja buat yang katanya bakal ada krisis ekonomi ğŸ˜­,0
181,ph kerajaan yang akan merosakan negara kita dengan krisis ekonomi yang akan melanda kita pada tahun nanti korang pikirlah apa yang akan jadi,0
182,presiden joko widodo menyatakan bahwa dunia dihadapkan dengan adanya ancaman resesi pada tahun akibat krisis ekonomi global pangan hingga energi akibat pandemi covid dan perang antara rusia dan ukraina kementerianlembaga termasuk kementerian â€¦,0
183,tips hidup hemat ditengah ancaman krisis ekonomi jakarta â€“ ekonomi global saat ini mengalami ancaman krisis resesi dan stagflasi diperkirakan akan berdampak pada banyak negara di tahun  baca jugaâ€¦,0
184,hedonisme sebelum krisis ekonomi di katanya,0
185,tetap santuy menghadapi yang isunya bakal ada krisis ekonomi dunia soalnya gue ikut pemerintahan dunianya im sama dan gorosei,0
186,masalahnya isi kepala gua tuh bnyk ovt nya cuy aplgi klw liat berita tntng krisis ekonomi d nnti hadeh ovt nya makin jadi dah,0
187,ehhh beneran bakal krisis ekonomi gasiii masa nanti gajadi konser tds wkwkwk bego bet bisaâ€nya yg gue pikirin gajadi konsernya bukan krisis nyaaa,0
188,khofifah menegaskan bahwa ancaman krisis bahkan resesi dunia disebut semakin nyata imf bahkan mengingatkan akan ada resiko awan gelap ekonomi di tahun mendatang,0
189,intinya ekonomi mengalami penurunan tapi gak sampe krisis kemungkinan harga naik banyak phk tapi yg gue baca resesi hanya berpengaruh besar ke negara maju macem as jepang europe negara berkembang gak akan besar bgt ngaruhnya cmiiw,0
190,faktor penyebab krisis ekonomi indonesia,0
191,alasan cepet lulus ditakutin sm pak mustolih krisis ekonomi ada kemungkinan indonesia resesi ğŸ˜­ğŸ˜£,0
192,eropa mengalami kelesuan ekonomi dan menuju krisis  dengan seenaknya menteri sini menjamu habis an fifa demi limpahan semua mega event â˜ºï¸ okh ya ini bukan soal nyawa dikanjuruhan tapi soal investasi yang jangan mandet â˜ºï¸,0
193,konten resesi global mendorong kekhawatiran yang berlebihan berkaca krisis ekonomi sebelumnya indonesia menjadi negara yang cukup tangguh sebagai individu sebaiknya tetap aktif kreatif dan adaptif,0
194,harus cepet luluss kuliah si serem banget tahun krisis ekonomi global mumpung orang tua masi mampu bayarin kuliahğŸ«¥ğŸ™ƒğŸ˜Š,0
195,liat aja klean ukraina ama rusia kalo beneran krisis ekonomi gegara klean gue kirimin sambel teri level setan biar mencret lu berdua,0
196,work admittance system pencegahan amp pengendaklian krisis ekonomi,0
197,dear all salam hormat krisis ekonomi sudah dinyatakan akan terjadi dan saya selaku pelaku usaha mikro jasa konsultasi produktivitas mencoba menelaah apa saja dari krisis yang bisa ada solusi bagi saya semoga bisa surviveamin,0
198,jangan borosboros yah kabar akan terjadi krisis ekonomi semoga aja tidak terjadi deh karna belum ada persiapan yang matang,0
199,prediksinya bakal krisis ekonomi kpop krisis hati doi pada ke ina udah stres makin stres dah luğŸ˜­ğŸ˜­,0
200,siapa yang bisa memprediksi krisis ekonomi saat ini indonesia pun tidak bisa menghindari krisis ekonomi yang digadang akan terjadi pada tahun mendatang,0
201,perekonomian dunia dibayangi resesi akibat tekanan geopolitik amp isu perang inflasi yg meningkat hingga krisis energi bayangbayang resesi global digambarkan dana moneter internasional imf yg memprakirakan melambatnya pertumbuhan ekonomi global jd   pd amp   pd,0
202,banyak issue thn bakal krisis ekonomi ini gua blm ampe thn udh krisis duluan ya konser smtown tds ini lagi susul svt bulan desember bujugg betah bet kata gua maen kesini,0
203,work ada apasih di aku masih gak paham katanya se serem itu bakal krisis ekonomi gitu aku gak paham jujur kenapa ya ada yg bisa jelasin gakkğŸ¥²,0
204,ridwan kamil menyatakan jawa barat jabar siap menghadapi tantangan dan situasi global yang semakin berat hingga berpotensi krisis ekonomi energi dan pangan tahun,0
205,ridwan kamil pun berharap jawa barat dan indonesia mampu menghadapi dan menghindari krisis pangan â€œtidak ada kedaulatan negara tanpa kedaulatan pangan mudah mudahan jangan sampai krisis ekonomi dan panganâ€ ridwan kamil,0
206,banyak yang memproyeksikan terjadi perlambatan ekonomi hingga  ketika badai krisis datang perkuat fondasi agar bisa melewatinya dengan selamat,0
207,tips menabung hadapi resesi yang sebabkan krisis ekonomi agar tetap waras jalani hidup,0
208,tips menabung hadapi resesi yang sebabkan krisis ekonomi agar tetap waras jalani hidup mc jihoon heol kdrt khilafah janji allah case second win nabrak na jaemin thank you verification case first win voting piscok bunda corla jerry blackpink,0
209,baca laporan adb imf world bank semua bilang indonesia akan survive dari krisis global proyeksi pertumbuhan ekonomi indonesia plus  thn,0
210,jawa barat siap hadapi potensi krisis ekonomi energi dan pangan tahun,0
211,media atau beberapa influencer ramai ngomongin kalau bakal krisis resesi gelap dll tp ada jg beberapa dr mereka bilang bahwa gak akan trjd resesi krn kan resesi itu tjd ketika quartal berturut ekonomi minus but indonesia malah kuat dan surplus,0
212,tak ora idam idaman sek jarene krisis ekonomi eg banyakin duit ben ngko ndak hidup sulit,0
213,dunia gelap  yang diprediksi krisis pangan ekonomi dan energi dmpaknya seluruh dunia yang saya takutkan gelap makna sebenarnya dunia akan gelap gulita,0
214,krisis ekonomi akan melibatkan semua negara,0
215,krisis ekonomi dijangka akan jadi lebih teruk tapi macam mana kalau mahathir dengan muhyiddin yang jadi pm mesti jadi lagi terukğŸ˜¨,0
216,akhir taun ini caratland terindikasi krisis ekonomi besarbesaran  cb japan cb korea ngebadutin kata hoshi season greetings,0
217,krisis ekonomi,0
218,kabar ttg krisis ekonomi horror bgt yaallah,0
219,merinding jadi tahun kegelapan dunia krisis pangan hingga kiamat ekonomi bisa terjadi,0
220,issu resesi  konflik ukrainarusia inflasi amerika krisis ekonomi di beberapa negara pandemi sepertinya akan panjang dan berat,0
221,cuman negara yang ngedukung tindakan rusia tampaknya hampir seluruh dunia udah muak dengan tindakan rusia yang nambahnambahin beban ancaman krisis ekonomi resesi yang salah satunya diakibatkan perang berkepanjangan di ukraina,0
222,ekonomi dunia diproyeksi gelap pada mendatang hal tersebut dipicu oleh adanya the perfect storm alias krisis multidimensi,0
223,poinpoin resesi yang harus kamu ketahui sebelum sambut tahun baru krisis ekonomi dunia the link yeji tisu naspad hujan toothless,0
224,poinpoin resesi yang harus kamu ketahui sebelum sambut tahun baru krisis ekonomi dunia lion tamers at downtown nabrak barca tiket suci x ibul brispot verification xavi brimo jimin jimin blueberry jeon jungkook teumes mcd lockdown,0
225,ridwan kamil jawa barat bersiap hadapi potensi krisis ekonomi energi dan pangan tahun,0
226,ridwan kamil jawa barat bersiap hadapi potensi krisis ekonomi energi dan pangan tahun,0
227,poinpoin resesi yang harus kamu ketahui sebelum sambut tahun baru krisis ekonomi dunia,0
228,baca berita tentang ancaman resesi dan krisis ekonomi jadi khawatir bismillah aja save you are money dlu guys banyakin hemat,0
229,ridwan kamil jawa barat bersiap hadapi potensi krisis ekonomi energi dan pangan tahun,0
230,jawaban untuk apakah  akan terjadi krisis ekonomi secara global oleh agraprana pahlawan,0
231,diharapkan jawa barat bersiap karena tahun depan   ada potensi krisis ekonomi energi dan pangan hal ini harus segera disiapkan agar tahun depan tidak terdengar ada warga jabar yang kelaparan atau susah makan ridwan kamil,0
232,airlangga hartarto krisis c hatihati ekonomi bakal berat,0
233,ri bisa lolos dri krisispak anggarkan saja dana utk beli produk petani dg harga layak mentri yg terkaitkondisikan suruh cari peluang produk rakyat yg layak ekspor di carikan pasarmumpung dolar mahal insya allah ri lolos krisisjustru ekonomi tumbuh melesat,0
234,ada potensi krisis ekonomi energi pangan pada  ridwan kamil jangan tunggu kejadian baru panikpada kesempatan yang sama rk mengapresiasi pengelolaan pertanian di jabarjabar surplus produksi beras tiap tahun mencapai  juta tonmantul pisan,0
235,ada potensi krisis ekonomi energi pangan pada  ridwan kamil jangan tunggu kejadian baru panik,0
236,dalam sambutannya gubernur jawa barat mengatakan bahwa jawa barat bersiap hadapi potensi krisis ekonomi energi dan pangan tahun selengkapnya,0
237,ğŸ‡©ğŸ‡ªâš¡prakiraan resesi jerman inflasi pada  â€œkami saat ini sedang mengalami krisis energi yang serius yang mengancam menjadi krisis ekonomi dan sosialâ€ kata menteri ekonomi robert habeck,0
238,katanya krisis ekonomi di tahun tapi keluarga gw di awal oktober uda kerisis astagfirullah ya allah lancar kan lah,0
239,jabar bersiap hadapi potensi krisis ekonomi energi dan pangan tahun,0
240,ridwan kamil jawa barat bersiap hadapi potensi krisis ekonomi energi dan pangan tahun,0
241,jawa barat bersiap hadapi potensi krisis ekonomi energi dan pangan tahun,0
242,potensi krisis pangan dan ekonomi gubernur jabar rapatkan barisan hadapi,0
243,ridwan kamil bersiap hadapi potensi krisis ekonomi di,0
244,pemerintah â€œ akan ada krisis ekonomiâ€ gw â€œtiap hari krisis ekonomiâ€,0
245,jawa barat bersiap hadapi potensi krisis ekonomi energi dan pangan tahun,0
246,hadapi ancaman krisis global  gubernur khofifah siapkan jurus jitu ancaman krisis bahkan resesi dunia disebut semakin nyata imf bahkan mengingatkan akan ada resiko awan gelap ekonomi di tahun mendatang imf menyebutkan negaranegara yangâ€¦,0
247,jawa barat bersiap hadapi potensi krisis ekonomi energi dan pangan tahun,0
248,ancaman krisis bahkan resesi dunia disebut semakin nyata imf bahkan mengingatkan akan ada resiko awan gelap ekonomi di tahun mendatang gubernur khofifah indar p,0
249,dalam menyikapi tantangan dan situasi global yang semakin berat provinsi jawa barat supaya bersiap menghadapi potensi krisis ekonomi energi dan pangan tahun,0
250,nabung aii nabung pen liat seulgi konser nyanyiin lagu solo dia kan ayok nabung krisis ekonomi kata lala,0
251,jawa barat bersiap hadapi potensi krisis ekonomi energi dan pangan tahun,0
252,tahun kelinci air yg dimana krisis reaksi kian parah ekonomi dunia semakin gelap semua kenaikan kian meningkat,0
253,banyak prediksi krisis di gt banyak orang nyuruh berhemat gt demand secara agregat menurun gt ekonomi melambat gt terjadi krisis beneran fyi sampai sekarang ekonomi indonesia masih baik saja,0
254,kenapa harus tomat bukannya kita sedang siap siap karena krisis ekonomi di  ya,0
255,seberapa urgentnya ikn ini pakkatanya kondisi tahun gelapkrisis ekonomi menghantui sya harap seenggak nya dipending dlu pak logikanya klo ekonomi negara lain melambatpasti jg ga akan invest ke negara kitamereka pasti mentingin perut mereka sendiri dlu pak,0
256,baru semalam ngobrol dengan istri  katanya mau krisis  investasi yg aman taruh mana ya mas emas dolar saja mau ekonomi as turun gimana pun usd bakal jadi safe haven and now reading this,0
257,pemimpin yg kita akan pilih on the next pru adalah pemimpin yg tahu bagaimana nak menghadapi krisis ekonomi from as predicted by world bank tough one banjir hujung tahun insyaallah rakyat dah biasa hadapi n akan tolong sama lain tp kemelesatan ekonomi is even bigger,0
258,menkeu sebut ada ancaman krisis pangan pada,0
259,gawat indonesia bakal hadapi resesi  akan ada tekanan ekonomi besar  bulan kedepan jurang krisis,0
260,apa itu resesi ekonomi  simak dampak krisis ekonomi global,0
261,jajan begituan di boleh lah ya meskipun krisis ekonomi wkwk,0
262,pertengahan tahun  dunia diperkirakan mengarah ke resesi,0
263,presiden joko widodo mengingatkan masyarakat terhadap ancaman krisis ekonomi yang akan terjadi pada  selengkapnya di  salam integritas,0
264,nggak ada slhnya bl mengundang mantan presiden wapres ketum parpol dan tokoh bangsa lainya utk duduk nareng dan meminta masukan at pendapat dr mrk guna menghindari krisis ekonomi global yg mungkin akan menimpa republik ini di awal thn,0
265,krisis ekonomi pengangguran  not relevant,0
266,resesi gelap karena sisi suplai  pemahaman penting untuk menghadapi krisis ekonomi global,0
267,padahal top apps kok phk ya ini pasti imbas ekonomi global yg melemah menuju krisis  induknya di sg yg kena imbasnya sampe ke indo,0
268,mau ada krisis ekonomi dan erick tohir saya indonesia gak akan ngalamin but we never know dan sangat disayangkan sih sebenernya dari dulu indonesia mungkin bisa jadi negara yg tingkatnya lebih dari negara berkembang asalkan aparat tinggi pemerintahannya gak serakah pake bgt,0
269,krisis ekonomi cuii,0
270,akan jadi tahun gelap dari krisis ekonomi global aduadu gimane nih cuyy goals goals masih banyak belum tercapai,0
271,berita resesi ekonomi global akhirakhir ini meresahkan sederhananya kita sangat mungkin kehilangan pekerjaan atau bisnis tapi ide dan skill jangan sampai hilang karena paniknya mempersiapkan gelapnya krisis  semangat,0
272,ga ada dong softpower itu cuma kemampuan propaganda dan mempengaruhi pembentukan pendapat umum dunia ramalan krisis ekonomi itu urusan lain lagi,0
273,aduhai macam ni pun ada tak tahu ke dunia bakal menghadapi krisis ekonomi pada apabila banyak negara akan mula menghadapi resources depletion bahkan bekalan makanan pun akan menjadi tak stabil sebab tu lah negara ni perlukan kerajaan yang stabil dgn segera,0
274,mending nabung aja deh buat survive krisis ekonomi,0
275,wadaw beli makan siang overheard bapak lagi ngobrol krisis ekonomi ğŸ¥²,0
276,kiatkiat menghadapi krisis ekonomi persiapan  kenalan sama gaduntante  kalo mereka ga suka sama kita kita bisa jadi penyalur insya allah ekonomi terselamatkan,0
277,malaysia tidak mampu tunggu hingga sep  kita akan mendepani krisis ekonomi perlu kerajaan kompeten amp stabil untuk mengemudi dan meyakinkan pelabur yang lari ke negara jiran ph dulu juga yang kuat soal keabsahan dan banyak usul undi tidak percaya pru beri peluang reset,0
278,krisis ekonomiğŸ˜”ğŸ˜”,0
279,krisis Ã©konomi dunia kan krn rusia yg mulai perang hrs punya tabungan rusia gk sehebat itu kan krn dulu uni soviet kayak nama besar sebenarnya nothing sekarang yg msh belain putin ura ura lihat data banyak negara resesi ini sudah,0
280,imf memprediksi ekonomi global di semakin memburuk dan membuat terjadinya krisis,0
281,duite nggo persiapan krisis ekonomi,0
282,giliran gua udah beli motor malah ada berita krisis ekonomi bangsaaaat duit w udah abis,0
283,krisis ekonomi solusine melu qnet,0
284,gausah nunggu krisis ekonomi aku tiap bulan aja udah ngerasain krisis ekonomi,0
285,apa benar terjadi krisis ekonomi,0
286,cari la naratif lain org nak tahu apa yang ph akan buat untuk malaysia berdepan krisis ekonomi tahun,0
287,saya akan mula kongsi pandangan dan hujah saya sempena dan mengapa kita mesti mengundi untuk kerajaan yang stabil dan kompeten utk harungi krisis alam termasuk banjir dan krisis ekonomi  nantikan,0
288,pru ini penting bagi mengembalikan kembali mandat kepada rakyat bagi memilih kerajaan yang stabil dan kompeten bagi menghadapi krisis yang mungkin berlaku i krisis banjir nov  mac  akibat peralihan monsoon dan ii krisis ekonomi pada tahun,0
289,krisis ekonomi dunia penulis muis pengamat ekonomi politik laporan terbaru imf menyebutkan kondisi ekonomi akan lebih suram imf memperkirakan pertumbuhan ekonomi tahun ini hanya   hampir separuh lebih rendah dari selengkapnya di,0
290,tp sekarang aku lg punya ambisi soalnya perkiraan krisis ekonomi dimulai  jd gimana punya duit ngalir dan stabil,0
291,krisis global resesi ekonomi pak jokowi mesti optimis mesti bisa survive indonesia jgan seperti pmbantunya ahli keuangan statement pesimis tu sri mulyani buat presiden terpilih jangan pake menkeu satu ini ya sih menkeu terbaik sedunia tpi nakutin rakyat di,0
292,dari ke sumber ngejelasin kalo resesi yg katanya akan terjadi itu karena krisis eropa amp fenomena strong dollar kalaupun indonesia ga masuk resesi tpi pertumbuhan ekonominya melambat inget ada banyak pelaku usaha yg mungkin aja ga bisa survive bila pertumbuhan ekonomi,0
293,tahun krisis ekonomi global tapi malah meroket di  tahun berita tentang ancaman resesi dan hal buruk lainnya di beredar luas di media apakah aman terjadi atau bisa jadi sebaliknya,0
294,krisis ekonomi bisa buat semua orang miskin di tahun,0
295,janganÂ² benar kata pak jokowi tahun krisis ekonomi di seluruh dunia ğŸ˜¥ ini saatnya bertani dan stok pangan,0
296,iya apalagi nanti diprediksi puncak krisis ekonomi makin susah saja dapat kerjaan,0
297,resesi ekonomi global mengancam banyak negara di  apakah krisis tersebut akan berdampak besar kepada bumn,0
298,bajet  suka atau tidak pembentangan bajet ini akan terus memberi penekanan kepada kebajikan keluarga malaysia dan juga kesediaan negara berdepan kemungkinan krisis ekonomi global,0
299,bos properti jgn dulu pada girang heru diangkat jd pjs tahun diprediksi bakal ada krisis ekonomi global khususnya soal housing crash time will tell,0
300,krisis ekonomi wujudkan kelambakan hartanah baru amp sub sales diskaun menguntungkan gol mampudana yg besar pemaju pun tak rugi marhaen tetap melopong,0
301,jangan sampai di tahun mengalami krisis pangan dunia takutnya sistem ekonomi kita anjlok di  jangan sampai hendaknya,0
302,nabung buat konser gtgtgt krisis ekonomi,0
303,bring it on krisis ekonomi gue gapunya cicilan gapunya tanggungan shopping time it is,0
304,cadangan saya bagi bajet   mewujudkan stok pengimbal stockpile di setiap negeri sebagai pusat penyimpanan dan persiapan kepada krisis sekuriti makanan dan ekonomi yang lebih kritikal pada masa depan,0
305,bajet  keluarga malaysia nak apa empat perkara menjadi tumpuan dalam bajet  iaitu rakyat perniagaan ekonomi dan institusi kerajaan namun apakah yang benarbenar diperlukan keluarga malaysia dalam mendepani jangkaan krisis ekonomi global tahun hadapan,0
306,ramai pemerhati ekonomi dan politik tempatan melihat kerajaan berdepan dilema sama ada mahu menjadikan inti pati bajet sebagai belanjawan pilihan raya atau jaringan keselamatan rakyat bersifat kalis krisis,0
307,krisis ekonomi global bakal tiba pada tahun  betul ke apa yang perlu kita lakukan untuk bersiap sedia dengarkan pendapat speakers muda di sidang muda   okt  sabtu   am pm  the vertical connexion conference amp event centre,0
308,baca bbrp artikel soal tahun bakal krisis ekonomikrisis pangan dll bikin gua gk bisa tidur semaleman,0
309,banyak bgt negara didunia yang udah kena dampak krisis ekonomi sekarang dan indonesia diperkirakan akan merasakan juga di tahun  so prepare yuk,0
310,pagi kepikiran resesi  krisis ekonomi tahun depan kayanya bakal ngeri dan mikir keras bgt tabungan cukupkah mental amankah wkwk udahlah rem dulu berkeinginan akan hobi yg agak menguras dompet,0
311,diperkirakan akan terjadi krisis ekonomi besar besaran kawan aduh pusing kepala ini lancarkan selalu rezeki hamba ya allah,0
312,wakil presiden maruf amin mendorong pertanian menjadi salah satu bantalan demi mengantisipasi krisis ekonomi dunia yang diramalkan terjadi pada tahun,0
313,kalo krisis ekonomi apakabar gue ya udah sekarang krisis ya taun depan makin krisis kayaknya dah,0
314,mau ngobrolin masalah krisis ekonomi ga syg,0
315,ketakutan terbesar saat ini adalah future karena orang hnya bisa memprediksi bahwa tahun adalah taun krisis ekonomi yg ngeri mungkin bagi yg anak sekolah yang masih dikirim tiap bulannya masih tenang dan nyantai aku ngomong apa seh sampe gini amat,0
316,kalimat yg dibagus in begitu kalimat tegasnya utang gagal produktif tak mampu menguatkan fundamental ekonomi alih menopang ekonomi saat krisis kini malah jadi beban sri mulyani ada tekanan dari bunga amp cicilan utang di,0
317,apa saja persiapan menghadapi krisis ekonomi   diversifikasi sumber pendapatan  kurangi pengeluaran  tabungan tunai gaji  bulan  raih minimal gram emas k  hindari membuat hutang baru  berdoa terus berjuang jangan menyerah,0
318,then pru jelah bukan semestinya pru novdec bn confirm menang pun ph menang dan lead negara hadapi banjir amp krisis ekonomi  cantik ğŸ’ªğŸ» baca nauzubillah,0
319,tahun dingehâ€ krisis ekonomi ling pidan tileh monean den idup cank krisis di segala bidang cinkk,0
320,nabung rin kemungkinan ada krisis ekonomi bahkan sri mulyani mentri keuangan kita yg ngomong ga cuma diindonesia tp dinegara lain yg berkembang duit cash sangat diperlukan dibanding duit onlen,0
321,krisis energi dan komoditas yang melanda dunia diperkirakan akibat invasi rusia ke ukraina akan berlanjut pada tahun  hal ini akan berdampak pada kondisi ekonomi dunia secara keseluruhan,0
322,apa persediaan untuk menghadapi krisis ekonomi tahun   pelbagaikan sumber pendapatan  kurangkan perbelanjaan  simpanan wang tunai  bulan gaji  capai minima gram emas  k  elak buat hutang baru  terus berjuang berdoa amp bertawakkal,0
323,krisis ekonomi global  yg dibahas terus oleh ekonom ini bakal kejadian indikatornya makin jelas kalo gw pribadi liatnya ada beberapa level  inflasi  naik suku bunga  job lost  gagal bayar kredit  sewa  home  main property lost  hunger udah lvl di uk,0
324,apa persediaan menghadapi krisis ekonomi tahun   pelbagaikan sumber pendapatan  kurangkan perbelanjaan  simpanan wang tunai  bulan gaji  capai minima gram emas k  elak buat hutang baru  berdoa terus berjuang usah mengalah,0
325,kelangkaan pangan kelangkaan bbm itu hoax krisis ekonomi itu juga by design capres kaki tangan elite global,0
326,prediksi krisis ekonomi terdalam yang bakal terjadi di tahun itu penyebab awalnya ada di pandemi jadi siklusnya bukan abis pandemi masalah selesai terus ada masalah baru melainkan masalah ditindih sama masalah baru,0
327,prediksi bahwa bakal terjadi krisis ekonomi masih bisa gak ya tahun depan buat status â€œtileh monean gen hidupe jalâ€,0
328,jadi tahun paling buruk bersiapsiap mulai sekarang â€“ presiden jokowi mengingatkan potensi terjadi krisis global pada  krisis pangan krisis ekonomi krisis finansial hampir terjadi di the post jadi tahun palingâ€¦,0
329,terancam krisis ekonomi mon maap dari dulu juga w udah krisis,0
330,resesi ekonomi  perekonomian di bakal lebih parah kondisi ekonomi global bisa memicu resesi karena  kenaikan suku bunga ekstrim  volume perdagangan turun  krisis pangan dll terus apa yang bisa dilakukan,0
331,berita soal resesi dan prediksi krisis ekonomi ini bnr bnr bikin sesek ya imagine being a fresh grad in that era,0
332,krisis  banyak orkay berenti beli ğŸ idealis sih walau pandemi rampung tp dampaknya ke ekonomi apalagi perang gak usai yaaa antara kudu hemat bisa management duit bisa infest dudududu kejam kali kalo hidup hanya untuk duniağŸ˜­ğŸ˜­ astaghfirulloh ğŸ™ğŸ»,0
333,krisis ibarat hantu yang menakutkan sungguh dampaknya sangat mengerikan gelapnya dunia mulai dirasakan menteri keuangan ri sri mulyani menyebutkan ekonomi dunia akan terjun berjamaah ke jurang resesi puncaknya pada tahun  selengkapnya,0
334,malaysia tiada krisis ekonomi bank dunia menjelaskan malaysia tidak terjejas dengan kemelesetan ekonomi dunia bahkan akan berkembang lebih  pada tahun  namun kecoh di media sosial bahawa krisis ekonomi akan melanda malaysia tidak lama lagi anda nak percaya yang mana,0
335,gw bayangin nih bencana global mulai pandemi ekonomi dunia hancur perang rusia ukraina krisis energiinflasi semua negara runtuhnya negara maju us amp eropa awal tahun ada bencana lagi dunia ga tau apakondisi makin parah hal tsb bikin jokowi lanjut jabat presiden,0
336,persediaan hadapi krisis ekonomi   pelbagaikan sumber pendapatan elak bergantung cabang pendapatan  sediakan dana cemas  bulan gaji  elak tambah hutang  kurangkan komitmen  tingkatkan simpanan asb th emas at least grm  berdoa dan bersedia,0
337,bahkan bisa jadi pd kita tidk hanya mengalami resesi tetapi betul â€“betul krisis ekonomi secara globalâ€ papar analis senior pkad fajar kurniawan bagaimana solusi tuntas islam kaffah menangani krisis ekonomi simak serbaserbi mmc,0
338,bahkan bisa jadi pada kita tidak hanya mengalami resesi tetapi betul â€“betul krisis ekonomi secara globalâ€ papar analis senior pkad fajar kurniawan cari tau solusi tuntas islam kaffah menangani krisis ekonomi di serbaserbi mmc,0
339,tahun bakalan jadi tahun yang gelap gaes inflasi ekonomi penigkatan suku bunga krisis pangan dll stay safe ygy,0
340,jadi apa persediaan menghadapi krisis ekonomi tahun  ï¸âƒ£ pelbagaikan sumber pendapatan ï¸âƒ£ kurangkan perbelanjaan ï¸âƒ£ simpanan wang tunai  bulan gaji ï¸âƒ£ capai minima gram emas k ï¸âƒ£ elak buat hutang baru ï¸âƒ£ berdoa terus berjuang usah mengalah,0
341,speaker dewan rakyat azhar harun berkata tidak keperluan bagi mengadakan perbahasan tergempar mengenai krisis ekonomi kerana sesi semasa persidangan akan ditumpukan kepada bajet mulai minggu depan mabuk ketum speaker nii ğŸ¤¦ğŸ»ğŸ¤¦ğŸ»,0
342,apbn diklaim responsif ini penjelasan sri mulyani,0
343,tiada keperluan bagi mengadakan perbahasan tergempar mengenai krisis ekonomi kerana sesi semasa persidangan akan tertumpu kepada bajet,0
344,nak simpan emas untuk hadapi krisis ekonomi  hanya rm dah boleh mula kumpul aset emas simpan sikitÂ² lamaÂ² jadi bukit nak mula simpan emas bajet rm wasap saya detail ni je  nama  no ic  email  no phone wasap saya,0
345,jadi apa persediaan menghadapi krisis ekonomi tahun,0
346,jadi apa persediaan menghadapi krisis ekonomi tahun,0
347,persediaan krisis ekonomi tahun   pelbagaikan sumber pendapatan  kurangkan perbelanjaan  simpanan wangtunai  bulan gaji  capai minima gram emas k  elak buat hutang baru  berdoa jangan mengalah,0
348,mudah mudahan cepat berlalu spt biasa musibah dtg silih berganti dlm pandemic ini banyak berita dr medsos  krisis ekonomi ingin datang mmungkinkan kita punya waktu  bulan eropa amerika sdh ada tanda tanda nya mrk berimbas dr perang rusia ukrainaapakah hny mrk,0
349,karena katanya di tahun indonesia bakalan krisis ekonomi,0
350,kaedah hadapi krisis ekonomi dunia   pelbagaikan sumber pendapatan  bina dana cemas  bulan gaji  berhenti buat hutang baharu  kurangkan komitmen  tingkatkan simpanan asb th dan emas  min gram emas   bersedia rohani emosi mental dan fizikal,0
351,kaedah hadapi krisis ekonomi dunia  pelbagaikan kerja jangan bergantung pada satu bina dana cemas  bulan pendapatan berhenti tambah hutang kurangkan komitmen bersedia emosi mental fizikal tingkatkan simpanan asb tabung haji minima gram emas,0
352,banyak dah syarikat dah mula kurangkan pekerja termasuk di syarikat aku bekerja perkara ini berlaku kerana mereka mahu bersedia untuk berdepan krisis ekonomi yg dijangka akan berlaku pada tahun  diingatkan semua jangan tambah hutang baru dan mula simpan duit,0
353,fakta ilusi karena untuk mendaapatkan harus menjalani realita dulu sementara realitanya maaih di tahun  pertumbuhan ekonomi diperkirakan mennguat padahal dunia akan menghadapi badai krisis tp yaaa klo ngak tercapai khan dah ada kambing hitamnyağŸ˜€ğŸ˜€ğŸ˜€ğŸ˜€,0
354,sebaliknya selepas pilihanraya kerajaan baru mungkin hanya diperuntukkan dengan bajet sementara untuk penggal suku pertama  kerajaan yang bersenjatakan bajet sementara untuk menghadapi krisis ekonomi global adalah sama dengan kerajaan yang menjerut leher sendiri,0
355,mesyuarat dan perancangan penyelesaian untuk krisis ekonomi global yang akan melanda sepatutnya menjadi keutamaan kerajaan untuk bajet  jika pilihanraya lebih awal diadakan bajet tidak akan diperhalusi dan diluluskan seeloknnya di parlimen,0
356,namun china dan negara lain termasuk malaysia mempunyai hubungan ekonomi amp perdagangan yang mendalam dengan eropah jadi meskipun china berjaya mengatasi covid menjelang november krisis eropah masih akan memberi impak negatif kepada prospek ekonomi china untuk tahun,0
357,persediaan krisis ekonomi tahun   pelbagaikan sumber pendapatan  kurangkan perbelanjaan  simpanan wang tunai  bulan gaji  capai minima gram emas k  elak buat hutang baru  berdoa jangan mengalah,0
358,tp ekonomi krisis katanya jadi bagi gue yg sedang dalam fase tidak ada uang mending tahan deh anjirr,0
359,presiden jokowi mengingatkan agar indonesia juga harus mulai bersiap untuk menghadapi kemungkinan besar adanya krisis ekonomi global yang pada tahun akan lebih gelap lagiinflasi di inggris tembus   pada september kemarin biaya hidup seharihari jutaan warga inggris naik,0
360,krisis ekonomi global,0
361,ingat mkt umno bincang masalah rakyat ke kejatuhan wang ringgit ke penyusutan jumlah eksport ke tak pun pelan menghadapi bencana banjir ke atau strategi menghadapi krisis ekonomi  ini tak dari haritu dok sibuk pru tahun ni pru tahun ni rakyat jaga diri sendiri je lah,0
362,jam segini sedang berjuang utk melawan insommalab dikirim berita ekonomi gelap amp krisis pangan makasih yaaa bikin makin melek daaah,0
363,banyak yg bahas masalah perselingkuhan gue malah lagi kepikiran resesi  krisis ekonomi tahun depan kayanya bakal ngeri dan mikir keras bgt tabungan gue cukupkah mental amankah wkwk udahlah rem dulu berkeinginan akan hobi yg agak menguras dompet wkwk byebye campervan ğŸ™‚,0
364,krisis ekonomi ramai orang sakit batuk kahakselesema something wrong somewhere,0
365,sprtnya ini awal mula dr trjadinya resisi d thn nanti inflasi mmbyangi korupsi smkin bersemi krisis ekonomi mnghantui dan chaos bs saja trjadi,0
366,apbn disusun dalam kondisi krisis geopolitik kata â€œtantangan gejolak ekonomi dunia sungguh sangat nyata dan kita rasakan bahkan pada proses pembahasan rapbn kali ini,0
367,krisis ekonomi tp sekarang beli tiket konser ga pake mikir,0
368,terus seharian kemarin gue scroll tiktok isinya soal inflasi krisis ekonomi resesi dunia tahun sama hurricane ian karna emang it will happen tp orangorang pada ga khawatir dollar udah k sekarang kalo mengingat yang terjadi di tahun,0
369,langkah menghadapi krisis ekonomi tahun â­ï¸  tambah pendapatan  kurangkan komitmen  jangan tambah hutang jika tak perlu  cukupkan dana kecemasan  bulan gaji  tambah simpanan  asb tabung haji emas dll  hidup jimat cermat  bersedia fizikal dan mental,0
370,bersediakah kita untuk menghadapi krisis ekonomi pada tahun ini,0
371,wait kemungkinan tds jkt kan ya trs katanya bakal ada krisis ekonomi yg mana semua bahan makanan bakal naik trs gue hrs gmna mau nonton konser tpi gue juga butuh makannğŸ˜­ğŸ˜­ ya allah gini bgt dah idup gua,0
372,pemulihan ekonomi kita relatif kuat di tengah krisis globalhendaknya menkeu bisa menjaga rupiah tetap stabil pesan ini disampaikan presiden di acara overseas express bank oeb outlook di hotel kempinski jakarta siang ini bangkit indonesia ğŸ‘,0
373,inggris aja udah bginigimana kitah dahlah dunia sdg tdk baik ajaminimalisir dulu gaya hidupsiapin utk skenario terburuk konon ktnya dunia msh berada dlm masa krisis ekonomi smoga ga lwt indonesia itu krisis krn nemuin jalan lain yg lebih ajibğŸ˜€,0
374,memasuki tiga krisis global tahun  â€œkita akan masuk ke krisis global tahun  menghadapi tiga krisis yaitu krisis ekonomi global krisis pangan dan krisis energi salah satunya kita sudah masuk kepada krisis panganâ€ ujar budi situmorang pada kamis,0
375,anak l agak gimana gitu ya lahir disaat krisis moneter dunia pas umur tahun   diprediksi akan terjadi resesi global emang lah kita anak strong yg diuji dengan keadaan ekonomi dunia yg sedang tidak baik,0
376,inflasi gila gilaan banget ya naiknya ngeri banget dollar aja udh  sekarang bahkan di prediksi bakal nyentuh   bener harus survive sih harus mutar balik otak gimana caranya bertahan dari krisis ekonomi global yang katanya â€œterparah sejak th terakhirâ€,0
377,krisis ekonomi baru akan di mulai the great depression krisis langka yang akan mengguncang indonesia resesi,0
378,menkeu sri mulyani sebut dunia bakal resesi di  ini pilihan investasi yang tahan krisis ekonomi,0
379,sri mulyani sebut dunia bakal resesi di  ini pilihan investasi yang tahan krisis ekonomi â€“ kompas tv â€“ artikel populer google berita â€“ â€“,0
380,datang lah semua band nak datang aku buatbuat tak nampak je aku punya concern sekarang ekonomi krisis je ni sekarang pun dah separa hidup,0
381,sri mulyani sebut dunia bakal resesi di  ini pilihan investasi yang tahan krisis ekonomi,0
382,rusia vs ukraina dkk belum mau berhenti perang ya kan katanya sudah krisis pangan dan ekonomi bentar lagi musim dingin mau sampai end game ape gimane,0
383,stabilisasi ekonomi harus dijaga di tengah resesi global agar indonesia tetap bisa menarik arus investasi dari negaranegara yang krisis,0
384,krisis yang diproyeksikan terjadi pada akan menjadi beban tambahan bagi pertumbuhan ekonomi nasional,0
385,bank dunia telah mengeluarkan amaran mengenai krisis ekonomi dunia lebih teruk pada tahun,0
386,ekonomi dunia pada bakal terpukul lebih parah,0
387,ekonomi worldwide nak merudum ni tahun krisis melepas sebab masih bayi pun melepas jugak sebab masih budak sekolah takkan nak tengok jer sediakan lah peluru anda beli apa yang patut aku nak makan fish n chip ğŸ¤¤,0
388,kitaran ekonomi recession yang nak datang ni tak sama dengan krisis ekonomi asia  recession yang bakal berlaku sehingga bangkrap negara pastinya dari negara afrika asia timur dan negara yang berada pada krisis peperangan tiada lagi kitaran tahun yang sama,0
389,paham kan sekarang knp dilakukan relokasi subsidi besar an amp manuver ekonomi lain nya ini semua demi persiapan ngadepin krisis yg akan datang sri mulyani sudah melakukan perhitungan kondisi perekonomian  amp udah diamini oleh world bank bakal ada resesi global ğŸ˜,0
390,krisis ekonomi what should we do first,0
391,krisis ekonomi dunia tahun  lagi tiga bulan je aku baru plan macammacam tahun depan nampaknya kena saving dari sekarang,0
392,risau pulak baca kemungkinan krisis ekonomi ni rungsing nak kurangkan komitmen yang mana sekarang apa yang penting anak dgn isteri cukup semua,0
393,bank dunia jangka ekonomi meleset  ini antara krisis ekonomi â€˜terbesarâ€™ yang pernah menggegar malaysia thread ğŸ‘‡ğŸ»,0
394,why krisis ekonomi when i just begin to be fully financially independent ğŸ˜­,0
395,jakarta tahun bakal menjadi tempoh paling sukar untuk dihadapi dan diharungi penduduk dunia dengan buah negara bakal mengalami kejatuhan yang merudum dari segi ekonomi akibat krisis ekonomi makanan dan tenaga impak pandemik covid dan perang antara rusiaukraine,0
396,world bank beri amaran krisis ekonomi lebih teruk  who beri amaran kes stress naik mendadak  mereka nasihatkan kita bersedia bersedia macam mana,0
397,masa krisis ekonomi dunia tahun   malaysia berjaya elak kesan yang teruk dan hanya menerima tempias melalui kenaikkan harga minyak global dan harga barangan aku ingat lagi masa tu seliter ron  rm  mampukah malaysia harungi lagi sekali pada  ini,0
398,helo kawan trading forex tidak susah kok dikelas online saja free dan matari diberikan tiap hari kisaran minggu bisa save trading tujuan ikut kelas antisipasi krisis income saat seperti pendemi krisis ekonomi sudah dekat yuk persiapkan diri trading forex,0
399,sejarah menunjukkan ketika krisis ekonomi dan  kadar tukaran myr ke usd meningkat tinggi adakah sejarah akan berulang dengan pattern yang sama adakah lebih selamat menyimpan dalam mata wang usd untuk menghadapi recession,0
400,akan jadi tahun paling gelap krisis ekonomi paling teruk akan jadi korang ready ke tak kena gak hadap so kuatkan dulu semua benda dalam diri,0
401,baca juga analisis ekonomi ari kuncoro berjudul zaman volatilitas besar ia menulis risiko resesi dan krisis finansial global tahun akan makin besar dengan adanya kenaikan suku bunga acuan yang tidak terkoordinasikan,0
402,sekalipun ritma pasca covid kita dapat atasi tapi dunia dijangka mengalami krisis perfect storm pada amp  kemelesetan ekonomi kekurangan sumber makanan amp bencana perubahan cuaca melanda dunia serentak dan krisis ribut ekonomi tiga penjuru ini telah bermula,0
403,terjadi pemberontakan dan kerusuhan akibatkan krismon krisis ekonomi di tahun apakah akan terulang lagi di tahun,0
404,krisis iklim reduksi pdb indonesia  persen pada berita selengkapnyaâ¬‡ï¸,0
405,menteri keuangan sri mulyani mengatakan indonesia bisa kehilangan potensi ekonomi rp  triliun atau  persen dari gdp pada akibat krisis perubahan iklim,0
406,sektor pertanian harus lebih antisipatif pd menurut syahrul sektor pertanian akan bs diandalkan kembali utk menjd bantalan ekonomi saat terjd situasi kondisi ekonomi global yg tdk menentu seperti halnya pd krisis akibat pandemi covid,0
407,whatâ€™s on public krisis energi global menghantui indonesia pbb imf dan bank dunia memprediksi negara akan mengalami krisis ekonomi yuk simak selengkapnya kajian infografis berikut iniğŸ˜Š  himanera fia ui bersama bergerak menuju asa,0
408,kalo seandainya jml ga sebanding sama hunters yg meningkat mungkin peluang win bisa stabil atau kalo mengecil jg ga ketimpang banget untuk skrg perbandingan jauh banget hunter  tapi jumlah ga  blm lg katanya negaraÂ² bakal krisis ekonomi kpn ya crypto naik lagi,0
409,sukses tangani pandemi jadi pijakan hadapi tantangan ekonomi anggaran penanganan covid pada di apbn akan fokus untuk menghadapi tantangan gejolak inflasi krisis pangan energi utang dan perubahan iklim,0
410,terhindar dari krisis ekonomi global pertumbuhan ekonomi indonesia,0
411,terhindar dari krisis ekonomi global pertumbuhan ekonomi indonesia,0
412,presiden bersyukur ekonomi indonesia pulih cepat di tengah pandemi dan krisis global pada rapat paripurna pembukaan masa persidangan i dpr ri tahun sidang  yang digelar di gedung nusantara mprdprdpd ri jakarta selasa agustus,0
413,dunia sibuk mempersiapkan negara menghadapi krisis ekonomi dunia bagi  kita asyik ratib pru,0
414,hasil survei persen publik tahu sedang krisis ekonomi global  persen optimistis ekonomi nasional membaik,0
415,eko supriyanto chairman infobank tahun  ekonomi indonesia tetap tumbuh dan terhindar dari krisis,0
416,setiap krisis akan ada peluang yang muncul ramai jutawan hartanahreal estate skrg adlh mereka yang bjaya curi peluang masa krisis ekonomi dan hartanah pd thn    krisis dicipta utk turunkan inflasi mungkin ada peluang utk yg bersedia,0
417,fraksi golkar krisis global masih akan menghantui ekonomi dunia tantangan berat bagi apbn,0
418,fraksi golkar krisis global masih akan menghantui ekonomi dunia tantangan berat bagi apbn,0
419,fraksi golkar krisis global masih akan menghantui ekonomi dunia tantangan berat bagi apbn,0
420,mulyadi pengetatan kebijakan moneter serta ancaman terjadinya krisis pangan dan energi dunia selanjutnya perkenankanlah kami untuk menanggapi usulan pemerintah mengenai kisaran indikator ekonomi makro tetap postur apbn,0
421,anggota komisi i dpr ri dave akbarshah fikarno membacakan pandangan fraksi partai golkar fpg atas ruu apbn beserta nota keuangannya pada rapat paripurna dpr ri tahun krisis global masih akan menghantui ekonomi dunia termasuk indonesia,0
422,tahun di isukan negara kita ikut juga mengalami krisis panganekonomi dan energimaka dari itu pemerintah beserta jajarannya harus menata ulang pengelolaan batu bara agar krisis energi bisa di antisipasi betul begitu kan pak â˜º,0
423,optimistis indonesia mampu lewati masa krisis global karena fundamental ekonomi yang baik â€œhal ini perlu kita apresiasi dan kita dukung agar tahun indonesia tetap dapat aman dari pengaruh krisis global,0
424,pembentangan bajet pada bulan oktober ini akan terus memberi penekanan kepada kebajikan keluarga malaysia dan juga kesediaan negara berdepan kemungkinan krisis ekonomi global yang lebih mencabar berbanding sebelum ini,0
425,menurut presiden jokowi tahun diprediksi jadi tahun berat dan gelap akibat krisis pangan ekonomi dan pandemi sebagai kaum milineal peran kita sangat dibutuhkan salah satunya dengan berwirausaha akan membangkitkan ekonomievermos,0
426,dengerdenger diprediksi krisis ekonomi ya buat jaga jaga mending buka usaha bersama evermos aja,0
427,kabar buruk bagi warga ri inflasi indonesia berisiko melebihi angka persen pada berita selengkapnya â¬‡ï¸,0
428,presiden bersyukur ekonomi indonesia pulih cepat di tengah pandemi dan krisis global presiden menyampaikan pidato penyampaian keterangan pemerintah atas rancangan undangundang anggaran pendapatan dan belanja negara ruu apbn tahun anggaran,0
429,presiden bersyukur ekonomi indonesia pulih cepat di tengah pandemi dan krisis global presiden joko widodo menyampaikan pidato penyampaian keterangan pemerintah atas rancangan undangundang anggaran pendapatan dan belanja negara ruu apbn tahun anggaran,0
430,selain itu indonesia telah dipercaya untuk menjadi pengusung kelompok respon krisis global oleh perserikatan bangsabangsa pbb tahun ini indonesia juga menjadi ketua kelompok ekonomi atau g dan akan memegang kepemimpinan asean pada,0
431,pembentangan bajet pada bulan oktober ini akan terus memberi penekanan kepada kebajikan keluarga malaysia dan juga kesediaan negara berdepan kemungkinan krisis ekonomi global yang lebih mencabar berbanding sebelum ini,0
432,presiden bersyukur ekonomi indonesia pulih cpt di tengah pandemi amp krisis global dlm pidato pemerintah atas ruu apbn thn anggaran bsrt nota keuangannya pd rapat paripurna pembukaan masa persidangan i dpr ri yg digelar di gedung nusantara mprdprdpd ri selasa agustus,0
433,rt pembentangan bajet pada bulan oktober ini akan terus memberi penekanan kepada kebajikan keluarga malaysia dan juga kesediaan negara berdepan kemungkinan krisis ekonomi global yang lebih mencabar berbanding sebelum ini,0
434,rt pembentangan bajet pada bulan oktober ini akan terus memberi penekanan kepada kebajikan keluarga malaysia dan juga kesediaan negara berdepan kemungkinan krisis ekonomi global yang lebih mencabar berbanding sebelum ini,0
435,pembentangan bajet pada bulan oktober ini akan terus memberi penekanan kepada kebajikan keluarga malaysia dan juga kesediaan negara berdepan kemungkinan krisis ekonomi global yang lebih mencabar berbanding sebelum ini,0
436,tumbuh tangguh unggul melihat pertumbuhan ekonomi thn amp penguatan ekonomi yg mulai stabil hilirisasi industrialisasi industri hijau swasembada beras sy sgt optimis ekonomi indonesia thn akan tumbuh lebih tinggi amp indonesia mampu bertahan dr ancaman krisis global,0
437,pembentangan bajet pada bulan oktober ini akan terus memberi penekanan kepada kebajikan keluarga malaysia dan juga kesediaan negara berdepan kemungkinan krisis ekonomi global yang lebih mencabar berbanding sebelum ini,0
438,pembentangan bajet pada bulan oktober ini akan terus memberi penekanan kepada kebajikan keluarga malaysia dan juga kesediaan negara berdepan kemungkinan krisis ekonomi global yang lebih mencabar berbanding sebelum ini,0
439,pembentangan bajet pada bulan oktober ini akan terus memberi penekanan kepada kebajikan keluarga malaysia dan juga kesediaan negara berdepan kemungkinan krisis ekonomi global yang lebih mencabar berbanding sebelum ini,0
440,rt pembentangan bajet pada bulan oktober ini akan terus memberi penekanan kepada kebajikan keluarga malaysia dan juga kesediaan negara berdepan kemungkinan krisis ekonomi global yang lebih mencabar berbanding sebelum ini,0
441,rt pembentangan bajet pada bulan oktober ini akan terus memberi penekanan kepada kebajikan keluarga malaysia dan juga kesediaan negara berdepan kemungkinan krisis ekonomi global yang lebih mencabar berbanding sebelum ini,0
442,bajet fokus kesediaan negara hadapi krisis ekonomi global â€“ ismail,0
443,pembentangan bajet pada bulan oktober ini akan terus memberi penekanan kepada kebajikan keluarga malaysia dan juga kesediaan negara berdepan kemungkinan krisis ekonomi global yang lebih mencabar berbanding sebelum ini,0
444,pm bajet akan mengambil kira kesediaan negara dalam menghadapi krisis ekonomi global  kuala lumpur bajet yang akan dibentangkan pada oktober akan,0
445,bajet juga akan menumpukan kepada kesediaan negara berdepan kemungkinan krisis ekonomi global yang lebih mencabar berbanding sebelum ini,0
446,bajet yang akan dibentang pada oktober ini akan terus memberi penekanan kepada kebajikan keluarga malaysia dengan mengambil kira kesediaan negara berdepan kemungkinan krisis ekonomi global yang lebih mencabar berbanding sebelum ini pm ismail sabri,0
447,insyaallah pembentangan bajet pada bulan oktober akan terus member penekanan kepada kebajikan keluarga malaysia dan juga kesediaan negara berdepan kemungkinan krisis ekonomi global yang lebih mencabar berbanding sebelum ini tambah perdana menteri,0
448,kata pbb tahun bakal terjadi krisis ekonomi berarti benerğŸ˜­ tandatanda nya sudah terlihat gini,0
449,tahun diprediksi tahun gelap bagi ekonomi dunia apa yang harus kita lakukan surabaya â€“ para pakar ekonomi banyak yang memprediksi keadaan ekonomi dunia nampaknya tidakâ€¦,0
450,yang gatau dark year kenapa presid n bilang bakal ada krisis ekonomi,0
451,yuk mumpung masih  bocoran semua negara akan menghadapi situasi yang semakin sulit pada akibat krisis ekonomi pangan dan energi,0
452,baru tahu bakal krisis ekonomi pangan amp energi dri bocoran pbb amp imf kemana aja sih pak baru tahu sekarang tugas bapak bukan jd jubir pbb tugas bapak cari solusi ğŸ¤£ ğŸ¤£ utk itulah kami rakyat kasih bapak gaji amp kasih fasilitas segala macam,0
453,baru tahu bakal krisis ekonomi pangan amp energi dr bocoran pbb amp imf kemana aja sih pak baru tahu sekarang tugas bapak bukan jd jubir pbb tugas bapak cari solusi utk itulah kami rakyat kasih bapak gaji amp kasih fasilitas segala macam,0
454,sobat gen presiden joko widodo bilang tahun ini dunia menghadapi situasi yang sulit bahkan semua negara akan menghadapi situasi yang semakin sulit pada akibat krisis ekonomi pangan dan energi,0
455,siapÂ² krisis ekonomi,0
456,presiden jokowi mengemukakan situasi dunia saat ini diprediksi akan menjadi tahun gelap akibat krisis ekonomi pangan hingga energi akibat pandemi covid dan perang antara rusiaukraina bahkan akan ada negara yang ambruk akibat kondisi ekonomi yang buruk,0
457,dibisiki sekjen pbb jokowi dunia akan gelap negara bakal ambruk akibat krisis ekonomi,0
458,dunia ekonomi sulit amp ekonomi glap hrus diwaspadai dunia krn perang rusiaamp ukraina pemicu utamanya ditmbah dg rrcamp taiwan buat perekonomian dunia krisis globalnya smakin parah krn rrc psti tidak akan diam lwan as gara taiwan dijdikan boneka as dmpak ekonomi dunia parah,0
459,joko widodo atau jokowi mengatakan tahun ini dunia menghadapi situasi yang sulit bahkankata diasemua negara akan menghadapi situasi yang semakin sulit pada akibat krisis ekonomipangandan energi,0
460,tvr  resesi tidak pengaruhi apbn perekonomian indonesia masih jauh dari resesi walau ada proyeksi krisis ekonomi akibat gelombang inflasi dan memanasnya tensi politik global meski demikian kewaspadaan perlu ditingkatkan guna meminimalisir,0
461,semoga ekonomi indonesia segera pulih dan baik saja tidak krisis besar an dipertengahan,0
462,harini ramai orang suruh tukar duit simpanan kpd harta contoh duit tukar pd emas dan beli tanah sebab krisis ekonomi akan lebih teruk dari sekarang apaÂ² pon kita get ready jangan boros dalam berbelanja,0
463,imf perkirakan resesi ekonomi global pada mendatang,0
464,krisis ekonomi global,0
465,kondisi sengsara sri lanka dihantam krisis ekonomi terburuk bisa sampai,0
466,krisis ekonomi sri lanka diperkirakan bangkrut hingga,0
467,analisa saya saat ini dari berbagai sumber bacaan amp analisa keadaan ekonomi amp migas dunia serta pangan krisis besar dunia akan terjadi diakhir dan penuh di  saya tdk mau jadi beo jadi saya berani katakan sekarang jangan berfikir perang di ukraina akan berakhir di,0
468,jarak pendeknya  akan terjadi gejolak ekonomi nah kalau mau beli tanah saat itulah yang paling terbaik knp harus mengamankan tanah krn hal inilah yang akan menjadi salah satu krisis di beberapa tahun ke depan ğŸ™,0
469,dem kalau krisis kembali aku tak tau nak cakap apa dah  krisis recession krisis inflation financial crisis rekod ni tahun krisis ekonomi utama dunia datang berturut,0
470,ekonom meneropong persen ekonomi amerika serikat as berpeluang mengalami resesi pada  di tanah air pemerintah wajib mengantisipasi pelemahan tajam nilai tukar rupiah lonjakan inflasi dan krisis pangan,0
471,krisis ekonomi,0
472,ekonomi pakistan dan krisis ekonomi via,0
473,kok saya punya firasat buruk kalau misal nih kedepan  negara tdk dpt hutangan baru dari dalam amp luar negeri utk menopang apbn gimana tuh prof apa akan terjadi krisis ekonomi seperti dulu ataukah akhirnya semua subsidi bbm dicabut yg menyebabkan kenaikan harga,0
474,krisis ekonomi diperkirakan hantam amerika serikat  pasar saham dan crypto berjatuhan,0
475,taiwan belum diserang aja dunia udah krisis chip semikonduktor amd nvidia memprediksi kelangkaan chip baru pulih  kalo kondisi normal  perang taiwan dampak ekonomi nya lebih mengerikan ketimbang ukraina mulai natuna sampai taiwan jalur pedagangan global,0
476,btc longterm set up we will visit   minimal pendukung   menurut rasio fibonacci akhir dari sebuah trend ada diangka tersebut  penurunan  seperti bottom sebelumnya cocoklogy  krisis ekonomi yang kemungkinan akan terjadi di,0
477,tarik uang dari bank beli emas perak setengahnya persiapkan krisis ekonomi dan pangan segera th sudah mulai dunia mulai panik semua yg berbasis riba akan hancur karena uang kertas adalah kebohongan,0
478,ekonomi dunia akan menghadapi krisis akan menjadi tahun hitam kesulitan pangan pengangguran harga pangan melonjak siapkah kita,0
479,palagi indonesia udah th memburuk ğŸ˜¥ pengen naik ekonomi malah ada krisis ukraina th depan   ada krisis global lebih parah,0
480,dan waktu k terdapat banyak orang terkena fomo dan akan terjadi krisis ekonomi global san bitcoin akan terjatuh sampai area k ditaun  mungkin ini bisa terjadi atau tidak ini hanya pndangan menurut data yg saya geluti mei,0
481,minta keringanan utang ke cina katanya krisis ekonomi sampe tapi dia ngotot bangun ikan king of contardiction,0
482,jokowi ingatkan krisis ekonomi politik bisa berlanjut hingga,0
483,apa betul bang krisis ekonomi disini diramalkan terjadi thn pertengahan,0
484,perubahan iklim  perubahan iklim  pandemi  perubahan iklim  pandemi  krisis ekonomi  perubahan iklim  pandemi  krisis ekonomi  perang dunia  perubahan iklim  pandemi  krisis ekonomi  perang dunia  invasi alien   ğŸ˜­,0
485,di dunia properti beli ketika orang kredit macet dan krisis semua panik dan jual ketika ekonomi mulai naik biasanya th setelah krisis  krisis waktu tepat jual  tandain gan,0
486,teori konspirasinya  menkeu bilang masa krisis ekonomi dan keuangan negara solusinya tahan uang buruh ujung ujungnya rakyat juga yg di cekek,0
487,ya itu kalau terselesaikan  semua itu seandainya tuhan yang maha esa merestui  tapi di lihat dari ekonomi di tahun aja  bi tidak akan membantu apbn dan akan mengalami krisis,0
488,tahun akan terjadi krisis besar multi dimensi   ekonomi hancur  perpecahan bangsa  perang saudara  perampokan sdm besar an sebaiknya nu jgn koar seolah pemilik negeri ini jika nu peduli maka segera dorong jokowi meletakkan jabatan awal tahun ini,0
489,krisis ekonomi turki pertaruhan keras bagi jalan kemenangan erdogan di pilpres,0
490,rakyat hampir kehabisan dana amp ikhtiar utk hidup bergolok gadai harga brg keperluan mencanak naik amp pendidikan anak terbantut kerana kerajaan gagal urus krisis kesihatan amp ekonomi lks cadangkan ğŸ‡²ğŸ‡¾ perlu tunggu utk pilih kerajaan baru kegilaan apa ini,0
491,ramai kecewa dlm pelaburan saham esp   biasa pasaran saham cepat pulih masa krisis     kali ini    thn insha allah baru pasaran saham akan pulih ini disebabkan oleh krisis kesihatan ekonomi amp politik insha allah pulih dan pulih penuh,0
492,rakyat masih terpuruk krisis ekonomi dimanamana otaknya tetep mikir bagi kekuasaan kaya gak bisa nanti diributkan di  ğŸ˜¥rakyat sakit hati hny jdi injakan tiap thn tp tidak diperjuangkan nasibnya selama thn ğŸ˜“,0
493,yg biru ttg ituu menyelamatkan diri dri krisis ekonomi dunia sm virus buatan virus zombie tpi ini ya bukan corongrong di th  klk yg satunya ttg history genes manusia,0
494,jika corona sampai  ekonomi indonesia akan krisis seperti tempo dulu di tahun,0
495,setuju apalgi dlm kondisi krisis ekonomi akibat pandemiefisiensi anggarn sgt dibtuhkn saat ini andai mnyetujui klompok partai yg mnginginkn amp pilkada srentak dlksnakanbrp triliyun anggarn dlm konteks blnja brg yg habis pakai sprti kertasampkotak suaratinta dll,0
496,tahun bencanakrisis ekonomi tahun perang saudara semoga indonesia masih berdiri,0
497,ganjar teratas di survei indikator gerindra sebut capres dibahas  menurutnya terlalu dini membicarakan soal capres  semua sedang fokus agar selamat dari covid dan bersatu supaya bisa keluar dari krisis ekonomi bukan caprescapresan,0
498,kata profesorku indo bakal krisis bgt corona makin melonjak oke lah katanya lagi dibikin vaksin misalnya tahun depan udah jadi tetep aja butuh proses pengujian mungkin baru bisa disebar diperkirakan akan ada jt pengangguran krn ekonomi bobrok krisis sampe,0
499,semoga indonesia dpt berhasil ujicoba vaksin covid di atas  shg tdk terkena resesi krisis yg diprediksikan sd  tetap optimis hadapi terbenamnya ekonomi,0
500,ekonomi sana ini up and downğŸ™‚ğŸ™‚ğŸ™‚ğŸ™‚ğŸ™‚ deflasi bisa aja tahun ini krn bank cetak uang bnyk bnyk tp inflasi bakal terjadi tahun depan dan berlangsung selama itu tandanya bakal terjadi krisis ekonomiğŸ™‚ ya tuhan kalo krisis ekonomi jgn kaya ğŸ˜­ğŸ˜­ğŸ˜­ğŸ˜­,0
501,pemerintah akan dapat kredit jika buat pernyataan  rencana pemindahan ibukota negara dibatalkanmengingat kondisi ekonomi yg tdk akan membaik sampai  kredit point penting ditengah kondisi ekonomi wabah pageblugampkrisis kepercayaan semoga semua sektor cepat recovey,0
502,krisis ekonomi ini akan berhenti dibulan juni lalu membentuk kurva menurun sehingga yg terjadi bukanlah masa depan yg damai melainkan puncak dri pandemi lalu kita akan mengalami krisis ekonomi smpai tahun  laludiharapkan harus menanam buah buahan jangka pjng,0
503,kalo gw malah yakin   tahun ini bakal krisis dan nanti juni seterusnya ekonomi kita bakal stak dan tahun bakal bangkit indonesia masih di berikan kesempatan oleh tyme banyak berdoa aja gw buka indigo tp gw bisa merasakannya ğŸ™ğŸ»,0
504,ketemu bapak tua ngobrolin dikit soal yg nggk ku pahami sama sekali  ekonomi goks doi bilang dengan bahasa santun seolah olah ku in kakak atau bapaknya wahaha akan ada krisis ekonomi sekitar juni atau juli nanti amp akan terus berlanjut sampai atau,0
505,krisis ekonomi akan terjadi tahun   analisa perekonomian mengatakan begitu  jangan tanya bagaimana ğŸ˜… panjang ceritanya emas naik karena pengalihan asset mulai dipindahkan berbasis emas emas itu save heaven emas itu anti inflasi islam mengajarkan dari dulu ğŸ˜ğŸ˜ğŸ˜,0
506,apabila semua berjalan sesuai skenario maka habib rizieq shihab akan dibebaskan tahun saat riot spring setelah tahun resesi ekonomi tahun krisis kepercayaan amp tahun economic crash sama saja menyiram bensin ke bara api yg sudah meluas amp siap membakar habis,0
507,analisis  tahun resesi ekonomi tahun krisis kepercayaan tahun economic crash tahun riot spring tahun perang saudara dan pecah,0
508,analisis  tahun krisis ekonomi tahun krisis kepercayaan tahun economic crash tahun riot spring tahun perang saudara dan pecah,0
509,gimana ya tidak ada angin tidak ada hujan tahun bom meledak di arab harga minyak naik tahun utang amerika meledak suku bunga fed naik  perusahaan di dunia bangkrut krisis ekonomi depresi besar berulang perang dunia dimulai,0
510,pak presiden waspadai krisis ekonomi di indonesia mulai sampai,0
511,pak presiden waspadai krisis ekonomi di indonesia mulai sampai,0
512,kubu oposisi sibuk menakutnakuti rakyat bahwa ekonomi indonesia bakal krisis sedangkan lembaga keuangan dunia imf justru memproyeksikan tahun indonesia akan naik ke peringkat ke  dilihat dari besarnya pdb,0
513,tajun  amerika mengalami krisis besar an terjadi perang saudara di amerikaekonomi bergarak ke asia,0
514,ralat mama lemonâ†’rt bapak lorengâ–ºrt jakarta akan turun salju amerika krisis ekonomi ramalan,0
515,â†mama lemon rt bapak lorengâ–ºrt jakarta akan turun salju amerika krisis ekonomi ramalan,0
516,bapak lorenggtrt jakarta akan turun salju amerika krisis ekonomi ramalan,0
517,jakarta akan turun salju amerika krisis ekonomi ramalan,0
